1,http://www.nergis.com.tr/,Business
2,http://www.and-group.com/,Business
3,http://www.inetonline.com,Computers
4,http://cagle.msnbc.com/teacher/,Reference
5,http://www.orvidas.com/,Arts
6,http://www.lustgartenfoundation.org,Health
7,http://www.electrohype.org/,Arts
8,http://www.okumafishing.com/,Business
9,http://www.ivcooking.com/p269_39.php,Home
10,http://www.asianheats.com/zdenka/,Adult
11,http://www.geocities.com/verangel2001/silverwater.html,Computers
12,http://www.alfa.com.mx/,Business
13,http://rxinsider.com/monographs/osteoporosis.htm,Health
14,http://www.an-alternative-angel.com/,Arts
15,http://www.angelfire.com/tv/watcherscomp/,Arts
16,http://www.taiji-enamel.com/,Business
17,http://www.asthmaaustralia.org.au/,Health
18,http://www.freewebs.com/advancedmedicalbilling/,Business
19,http://www.batman-on-film.com/setreport.html,Arts
20,http://3totango.warnerbros.com/,Arts
21,http://www.geocities.com/sherry_penman/index.html,Arts
22,http://www.joechiu.com/computing/vaio/linuxon505.html,Computers
23,http://archive.gamespy.com/reviews/may02/mm9/,Games
24,http://www.purvisrealestate.com,Business
25,http://www.hornyasian.com/,Adult
26,http://www.ezbsystems.com/,Computers
27,http://www.redhotjazz.com/bix.html,Arts
28,http://www.em.ca/garden/native/nat_euphorbia%20esula.html,Science
29,http://www.geocities.com/sweeterpeas/,Home
30,http://www.cadetsofcordova.org/,Arts
31,http://www.bodaciousimages.com,Arts
32,http://www.cca.org/,Arts
33,http://www.geocities.com/garycampos/maravich/maravich.html,Recreation
34,http://www.lures.info/,Recreation
35,http://www.middletonplacehounds.com/,Recreation
36,http://www.americanboating.org/,Recreation
37,http://www.angelfire.com/or/petermarsh/,Recreation
38,http://eee.ntu.ac.uk/research/vision/asobania/index.html,Computers
39,http://www.cqionline.com/,Business
40,http://apolloguide.com/mov_revtemp.asp?cid=1262,Arts
41,http://www.vcpa.com.au/index.php?option=com_content&amp;task=view&amp;id=70,News
42,http://www.thomasfuchs.com/,Arts
43,http://ccrhindia.org,Health
44,http://canineworld.com/glenimaalterrierclub/,Recreation
45,http://www.health.nsw.gov.au/public-health/health-promotion/,Health
46,http://www.blasterexchange.com/,Business
47,http://www.gwu.edu/~folklife/bighouse,Arts
48,http://www.geocities.com/kkleen9/steinsrehab.html,Arts
49,http://www.homegamearcade.com,Games
50,http://www.unitedstationers.com/,Business
51,http://www.isleuthhound.com/,Computers
52,http://www.smgfan.com/,Arts
53,http://www.ces.ncsu.edu/depts/hort/consumer/factsheets/trees-new/pinus_banksiana.html,Science
54,http://www.vcpa.com.au/index.php?option=com_content&amp;task=view&amp;id=74,News
55,http://www.free-adult-model-pics-adult-model.com/nude-adult-model/,Adult
56,http://www.geocities.com/yosemite/9758/shr19.htm,Home
57,http://www.cardioassoc.com/patient_pgs/conditions/congestive.asp,Health
58,http://www.factmonster.com/spot/hhm1.html,Kids
59,http://www.cs.cmu.edu/afs/cs/project/ai-repository/ai/lang/scheme/impl/0.html,Computers
60,http://c.webring.com/hub?ring=age_of_legends&amp;list,Arts
61,http://www.discoverlife.org/nh/tx/plantae/dicotyledoneae/fabaceae/trifolium/index.html,Science
62,http://www.gamerdad.com/detail.cfm?itemid=1796,Games
63,http://www.oldbridgecellars.com/,Recreation
64,http://sunsite.icm.edu.pl/cjackson/corot/,Arts
65,http://www.home-business-network.com/,Business
66,http://www.gma.org/fogm/raja_laevis.htm,Science
67,http://www.geocities.com/brandnamepunx/,Arts
68,http://www.ballyhoo.be/,Computers
69,http://groups.yahoo.com/group/virginians-announce,Arts
70,http://www.yourchicagotherapist.com,Health
71,http://edis.ifas.ufl.edu/pdffiles/ep/ep30000.pdf,Science
72,http://botanika.wendys.cz/,Kids
73,http://www.hardwareyellowpages.com,Business
74,http://www.santa-catarina.com/,Recreation
75,http://www.vcpa.com.au/index.php?option=com_content&amp;task=view&amp;id=59,News
76,http://www.acdivoca.org/,Business
77,http://www.romantictimes.com/authors_profile.php?author=397,Arts
78,http://www.seattlesportsco.com,Business
79,http://pc.ign.com/objects/729/729433.html,Games
80,http://www.geocities.com/theaterguy007/,Arts
81,http://gale.cengage.com/free_resources/bhm/bio/rudolph_w.htm,Kids
82,http://1st-spot.net/topic_perl.html,Computers
83,http://www.buffalostate.edu/offices/cdc/edu-questions.html,Reference
84,http://www.epinions.com/auto_manf-isuzu,Home
85,http://www.spage.com/stardust/,Arts
86,http://members.tripod.com/bayouspirit/index.htm,Home
87,http://partners.adobe.com/public/developer/en/tiff/tiffpm6.pdf,Computers
88,http://www.caxyconsulting.com,Business
89,http://www.philipcasey.com/,Arts
90,http://www.ecole-avignon.com/,Arts
91,http://howtoplanttree.com/gm-donates-100000-for-youth-tree-planting-initiative/,Recreation
92,http://www.workerants.com/,Recreation
93,http://www.nick.com/all_nick/movies/jimmy_neutron/index.jhtml?_requestid=86429&amp;flashinstalled=true&amp;flashversion=5&amp;timezone=-3,Arts
94,http://www.digital-women.com/how-to/,Business
95,http://www.cheatscodesguides.com/nintendo-ds-cheats/castlevania/,Kids
96,http://www.angelfire.com/indie/taint/,Arts
97,http://www.donth.com/,Computers
98,http://www.nca.edu/,Reference
99,http://www.authorsden.com/weslynnmccallister,Arts
100,http://www.production-scheduling.com/,Computers
101,http://www.buschlenmowatt.com,Arts
102,http://www.oakhillconsultants.com/,Business
103,http://www.starnewsgroup.com.au/mail/mountain-views,News
104,http://www.technigrip.com,Business
105,http://finechem.glycorex.se/,Business
106,http://www.salteens.com/,Arts
107,http://www.gulfwriters.org/,Arts
108,http://homepage.ntlworld.com/chrissy.russell/index.htm,Recreation
109,http://www.pennalanewines.com.au/,Recreation
110,http://wmed.com,Health
111,http://www.justadventure.com/reviews/tlj/tlj_review.shtm,Games
112,http://www.goldclass.net.au,Business
113,http://www.dailyfutures.com/,Business
114,http://www.geocities.com/hollywood/cinema/3200/sesamestreet.htm,Arts
115,http://www.arct.cam.ac.uk/,Arts
116,http://pc.ign.com/articles/703/703445p1.html,Games
117,http://www.rantekonline.com,Business
118,http://www.the-spoiler.com/rpg/new.html,Games
119,http://www.freewebs.com/ithov/,Games
120,http://www.oceanstatebmwriders.com,Recreation
121,http://www.networkcablingservices.co.uk/,Computers
122,http://www.sexslavevideo.com,Adult
123,http://www.ci.springfield.mo.us/community/history_museum/,Reference
124,http://www.braveideas.com/,Computers
125,http://reviews.imdb.com/reviews/66/6643,Arts
126,http://gaia.flemingc.on.ca/~dhendry/nrtwitst.htm,Science
127,http://www.geocities.com/binarytreepoem/,Arts
128,http://www.vcpa.com.au/index.php?option=com_content&amp;task=view&amp;id=60,News
129,http://www.stoneandfarrelly.com/,Arts
130,http://www.golf-quiz.co.uk/,Games
131,http://www.amnh.org/programs/mead/,Arts
132,http://english.ucsb.edu:591/rchrono/,Arts
133,http://www.vcpa.com.au/index.php?option=com_content&amp;task=view&amp;id=12,News
134,http://www.whitelily.com/recipes/,Home
135,http://www.geocities.com/sunsetstrip/lobby/2841/index.html,Arts
136,http://www.enjoytravelling.com/,Recreation
137,http://www.mbari.org/staff/conn/botany/reds/devon/home.htm,Science
138,http://www.edupaperback.org/showauth.cfm?authid=101,Kids
139,http://www.geocities.com/jamesjnemeth/,Arts
140,http://www.rabbithuntingonline.com/recipes/,Home
141,http://westcoastatc.com/,Games
142,http://www.bobnancy.com,Reference
143,http://www.qast.org.au,Health
144,http://www.myarcadia.8m.com/,Arts
145,http://www.geocities.com/unheardbhc/,Arts
146,http://www.creartosona.net/,Business
147,http://www.geocities.com/wpatk/,Recreation
148,http://subatomic.8k.com/,Arts
149,http://www.rpgplanet.com/features/screenshots/wizardry8/,Games
150,http://christmas-cheer.com/recipes/nutchezbal.htm,Home
151,http://pc.ign.com/articles/354/354476p1.html,Games
152,http://www.freewebs.com/qb89/,Computers
153,http://www.oceanadventures.bc.ca/,Recreation
154,http://www.kebawe.com/hans/wallpapers/oldfield/,Arts
155,http://www.guardian.co.uk/music/2003/jan/24/classicalmusicandopera.artsfeatures,Arts
156,http://donut.caltech.edu/,Reference
157,http://www.sub-media.com/,Business
158,http://www.unicef.org/chinese/,Kids
159,http://www.knowledgelink.co.jp/services/kids/body.html,Kids
160,http://www.lifeprints.com.au/,Business
161,http://www.matsceng.ohio-state.edu/,Reference
162,http://www.fabrixx-forever.de/,Kids
163,http://www.stonetablesoftware.com,Computers
164,http://www.digbysystems.com/ems,Business
165,http://www.metalworld.com,Business
166,http://www4.informatik.tu-muenchen.de/~nipkow/misc/reject.html,Reference
167,http://www.brenhambanner.com/,News
168,http://www.abandonedrailroads.com/,Recreation
169,http://spacefinder.awardspace.com/,Science
170,http://www.pbs.org/empires/napoleon/,Arts
171,http://www.artcritical.com/gelber/eggottlieb.htm,Arts
172,http://www.factmonster.com/ipka/a0107264.html,Kids
173,http://www.red3d.com/cwr/npr/,Computers
174,http://www.ctcfl.ox.ac.uk/,Reference
175,http://www.daviscolors.com,Business
176,http://hermes.mozdev.org/,Computers
177,http://www.motherisk.org/sickness/index.php3,Health
178,http://www.nicolaudie.com/,Business
179,http://www.taoanalytics.com,Business
180,http://pc.ign.com/objects/851/851100.html,Kids
181,http://www.eurogamer.net/article.php?article_id=67883,Kids
182,http://tymp.tripod.com,Recreation
183,http://www.mulino.hr/,Games
184,http://www.geocities.com/collegepark/stadium/2110/procolor.html,Arts
185,http://www.vcpa.com.au/index.php?option=com_content&amp;task=view&amp;id=58,News
186,http://wii.ign.com/objects/924/924846.html,Games
187,http://www.windsweptfarms.com/,Business
188,http://www.witchcreekwinery.com/,Recreation
189,http://www.geocities.com/chicoandtheman22/,Arts
190,http://www.pixellstudios.com,Business
191,http://tricksuk.com/,Arts
192,http://lintime.fr/,Adult
193,http://www.gamewinners.com/playstation/aircombat.htm,Games
194,http://www.vcpa.com.au/index.php?option=com_content&amp;task=view&amp;id=65,News
195,http://www.fredbecker.com/trade2.htm,Business
196,http://www.btinternet.com/~ap.walker/,Arts
197,http://www.istitutoeuropeo.it/english/musicisc.html,Arts
198,http://www.blueridgemassage.com/,Health
199,http://www.topix.com/who/anthony-hopkins,Arts
200,http://imusic.artistdirect.com/showcase/country/ksharp.html,Arts
201,http://www.gnu.org/software/gnash/,Computers
202,http://www.milekft.hu/open_a.html,Business
203,http://drsijbrant.com,Health
204,http://www.deater.net/weave/vmwprod/f77_diagram/,Computers
205,http://www.aplusplus.net/,Computers
206,http://www.nicholashare.co.uk/,Business
207,http://www.gitedenfants.net,Kids
208,http://den3.curvedline.net/,Kids
209,http://tintin.sourceforge.net/mssp/,Games
210,http://southwestaviation.com,Business
211,http://www.friday.demon.co.uk/hb.html,Arts
212,http://www.northamptonbrewery.com/,Recreation
213,http://tridentgum.com/,Business
214,http://apolloguide.com/mov_revtemp.asp?cid=2043,Arts
215,http://www.emergencyclinicforanimals.com/,Health
216,http://www.cs.bris.ac.uk/events/cpa2001/,Computers
217,http://www.danoday.com/,Arts
218,http://www.austincollege.edu/category.asp?696,Reference
219,http://www.linuxinsider.com/story/but-macs-are-slower-right-36964.html,Computers
220,http://homepages.tesco.net/~terrihorne/mywebsite.htm,Health
221,http://h2so4.net/reviews/satc.html,Arts
222,http://www.class-escort-vip.com/,Adult
223,http://www.uhaul.com/supergraphics/states/vermont/champ/legend.html,Science
224,http://www.dialocid.com/,Business
225,http://www.quitting-time.com/,Arts
226,http://www.dtccom.com/,Business
227,http://tvmegasite.net/day/,Arts
228,http://www.meadjohnson.ca/,Business
229,http://www.georgecrumb.net/,Arts
230,http://www.cheatscodesguides.com/xbox-360-cheats/guitar-hero-2/,Kids
231,http://www.avoidperil.com/nalick.html,Arts
232,http://www.sookenewsmirror.com/portals-code/list.cgi?paper=32&amp;cat=40&amp;id=650109&amp;more=,Recreation
233,http://www.domregnow.com/,Computers
234,http://www.springer.com/east/home/generic/search/results?sgwid=5-40109-70-35596736-0,Science
235,http://www.angelfire.com/zine/oceaneyedlover/,Games
236,http://www.sdsualumni.org/,Reference
237,http://www.dataperceptions.co.uk,Computers
238,http://de.geocities.com/cindy1986de/,Kids
239,http://www.microsec.net/,Business
240,http://www.imagi-nation.com/moonstruck/albm73.html,Arts
241,http://www.byond.com/,Games
242,http://www.cnn.com/world/9712/17/japan.cartoon/,Health
243,http://www.thirdwheelproductions.com/,Business
244,http://gretasonge.blogspot.com/,Arts
245,http://www.adst.com/,Business
246,http://www.straightforex.com/,Business
247,http://www.elephantrock-naturally.com.au/,Recreation
248,http://www.daikando.com/astro,Science
249,http://www.geckosoftware.com/,Business
250,http://www.hugs.org/beet_pancakes.shtml,Home
251,http://www.tombraiderchronicles.com/headlines1159.html,Arts
252,http://www.dailycollage.com/category/movies/sky-captain-and-the-world-of-tomorrow/,Arts
253,http://www.mikemacstore.com/,Computers
254,http://www.msudresearchfoundation.org/,Health
255,http://www.freewebs.com/weesamscats/,Recreation
256,http://www.alicelynn.com,Arts
257,http://www.fortunecity.com/silverstone/mercedes/1075/,Home
258,http://www.rebecca-gayheart.de,Arts
259,http://www.angelfire.com/pokemon2/pokemon4life/,Games
260,http://www.geocities.com/bardic_prince/,Arts
261,http://www.shanlivle.co.uk/,Recreation
262,http://www.alfascientific.com/,Business
263,http://www.planetps2.com/features/reviews/2002/skygunner/,Games
264,http://www.theamazonbasin.com/wow/,Games
265,http://maxiblue.homestead.com/,Recreation
266,http://www.e-dushku.com/,Arts
267,http://www.nearctica.com/nomina/oddbugs/diplura.htm,Science
268,http://www.irishsurveillance.com,Business
269,http://www.palmdesertinsurance.net,Business
270,http://members.fortunecity.com/darkrosekennels/,Computers
271,http://www.coalingachamber.com/museum.html,Reference
272,http://jam.canoe.ca/movies/artists/t/tucker_chris/,Arts
273,http://www.vcpa.com.au/index.php?option=com_content&amp;task=view&amp;id=48,News
274,http://www.drsullivan.com,Health
275,http://www.trustice.com/java/sqlclient/,Computers
276,http://www.kseniadance.com,Arts
277,http://www.indiadairy.com/info_buffalo_milk.html,Business
278,http://www.in4ma.co.uk/,Business
279,http://www.vcpa.com.au/index.php?option=com_content&amp;task=view&amp;id=54,News
280,http://www.teccontainer.com/,Business
281,http://www.cheripearl.com,Business
282,http://www.struktur.co.uk/,Business
283,http://encarta.msn.com/encyclopedia_761577444/salk_jonas_edward.html,Kids
284,http://aviation.freehosting.net,Recreation
285,http://www.red-field.com/enqsoft/,Computers
286,http://www.gamespot.com/gba/sports/mathoffmansprobmx2/review.html,Games
287,http://www.rev.state.la.us/sections/taxforms/default.asp,Home
288,http://www.autolifts.com,Business
289,http://www.stevenlaw.com,Arts
290,http://www.fueledcom.com,Computers
291,http://esl.about.com/,Reference
292,http://www.eagleglobal.com/,Business
293,http://www.lingualtechnik.de,Business
294,http://www.guildomatic.com/,Games
295,http://www.abtslogistics.co.uk/,Business
296,http://homepage.mac.com/derrick30/ccmb/index.html,Arts
297,http://nisamerica.com/games/ai3/,Games
298,http://www.2hild.com/eva_eng.htm,Arts
299,http://www.cba.arizona.edu/,Reference
300,http://www.brentspencebridgecorridor.com/,Recreation
301,http://games.teamxbox.com/xbox-360/1550/wheelman/,Kids
302,http://www.barretstowngc.ie/,Kids
303,http://private.homepages.intershop.de/rene/povray/tex_mag.html,Computers
304,http://www.texaslandbank.com,Business
305,http://www.rochestercathedral.org/,Arts
306,http://www.magpo.com/anthology,Arts
307,http://www.geocities.com/crustykrabber/,Kids
308,http://www.windowsofopportunitycounseling.com,Health
309,http://bigfootproductions.com,Business
310,http://www.gamezone.com/gzreviews/r15504.htm,Games
311,http://madcool.com/mc/comics/simpsons/,Arts
312,http://apolloguide.com/mov_revtemp.asp?cid=2161,Arts
313,http://cssliquid.com/,Computers
314,http://www.meathaus.com/,Arts
315,http://saturnribbons.tripod.com,Arts
316,http://www.consolidatedstone.co.uk,Business
317,http://www.recipesource.com/soups/soups/chilled-beet1.html,Home
318,http://www.mycrom.it/,Business
319,http://www.linux-tip.net,Computers
320,http://www.lcstraininggroup.com,Reference
321,http://www.midmetal.com.sg/,Business
322,http://u.webring.com/hub?ring=natalief,Arts
323,http://www.pyatok.com/,Business
324,http://tools.ietf.org/html/rfc1810,Computers
325,http://www.geocities.com/tokyo/gulf/5327/pc.html,Arts
326,http://www.ibtec.com/,Computers
327,http://www.ayurvedic.org/,Health
328,http://members.fortunecity.com/johncoba/,Kids
329,http://www.trupower.com/,Business
330,http://www.niasouthafrica.co.za/,Health
331,http://www.geocities.com/televisioncity/5458/angelica.html,Arts
332,http://www.mikesoutfitter.com,Recreation
333,http://clearcopy.com,Business
334,http://www.synergysw.com/,Computers
335,http://www.vcpa.com.au/index.php?option=com_content&amp;task=view&amp;id=52,News
336,http://www.gallery.cz/gallery/en/vystava/1999_11/,Arts
337,http://www.vcpa.com.au/index.php?option=com_content&amp;task=view&amp;id=73,News
338,http://www.astech-engineering.com/,Business
339,http://www.ohsinc.com/,Health
340,http://www.sigweb.org/,Computers
341,http://www.thestar.com.au/,News
342,http://www.stpats.ca,Health
343,http://eriebaybassers.tripod.com/,Recreation
344,http://www.angelfire.com/realm/disposabledreams/,Arts
345,http://www.jefflehman.com/,Arts
346,http://www.ravebabes.com/hot/teen/porn/pictures/,Adult
347,http://www.wamgroup.com,Business
348,http://www.traditionaltextile.com/,Business
349,http://www.theinquirer.net/?article=9612,Computers
350,http://www.liebesteufel.com/,Adult
351,http://www.waldenscreekcampground.com/,Recreation
352,http://www.geocities.com/petalbeam/,Arts
353,http://www.bhpit.co.uk/,Computers
354,http://alumniandfriends.dal.ca/magazine.htm,News
355,http://www.aaroads.com/arc/,Recreation
356,http://www.factmonster.com/ce6/people/a0841802.html,Kids
357,http://www.babycenter.com/refcap/11234.html,Health
358,http://www.ebony-bondage.org/,Adult
359,http://www.jackmountainbushcraft.com,Recreation
360,http://www.e-macdaddy.com/,Adult
361,http://www.originalitalianslate.com/,Business
362,http://www.chesternovello.com/default.aspx?tabid=2431&amp;state_2905=2&amp;composerid_2905=1728,Arts
363,http://www.jackmagazine.com/issue8/poetrycronin.html,Arts
364,http://www.geocities.com/sunsetstrip/cabaret/2282/,Arts
365,http://www.delianet.com/,Business
366,http://micasales.com,Business
367,ftp://ftp.apple.com/developer/tool_chest/localization_tools/apple_intl_glossaries/,Computers
368,http://www.nidcd.nih.gov/health/hearing/otosclerosis.asp,Health
369,http://bcfrank.co.il/,Arts
370,http://moonlight_nuance.tripod.com/moonlightwritingshomepage/,Arts
371,http://www.tncneedle.com,Business
372,http://www.geocities.com/exdemon_productions/,Arts
373,http://www.reflexology2000.i8.com,Health
374,http://www.hall-of-sermon.de/,Business
375,http://www.vcpa.com.au/index.php?option=com_content&amp;task=view&amp;id=51,News
376,http://www.bbc.co.uk/weather/world/country_guides/results.shtml?tt=tt000010,Kids
377,http://www.bdsmart.ws/,Adult
378,http://www.cmpsolv.com/nhppa/,Business
379,http://www.milnsbridge.com.au/,Computers
380,http://www.brightonballet.com/,Arts
381,http://www.cjp.com,Business
382,http://www.stphotography.co.uk,Business
383,http://www.babycenter.com/refcap/1812.html,Health
384,http://www.angelfire.com/super/badwebs/,Computers
385,http://forums.about.com/ab-wmshealth2,Health
386,http://www.theguidon.com/,News
387,http://en.wikipedia.org/wiki/chenopodiaceae,Science
388,http://www.angelfire.com/myband/karaspage/,Arts
389,http://www.thepicturemaker.net/,Business
390,http://www.aaronsantee.com/santeesaxophones.htm,Arts
391,http://www.wholenessfc.com/,Health
392,http://www.presbykaufman.org,Health
393,http://www.rbpipetech.com/,Business
394,http://www.geocities.com/tokyo/shrine/9060/index.html,Arts
395,http://www.ee.ic.ac.uk/hp/staff/dmb/voicebox/voicebox.html,Computers
396,http://www.geocities.com/sunsetstrip/basement/3246/,Arts
397,http://www.mcitours.com,Recreation
398,http://home.comcast.net/~khartnett232402/,Recreation
399,http://www.jf-rullstorf.de/,Kids
400,http://www.lowermanhattandialysis.com/,Health
401,http://www.lacrimosa.ch,Arts
402,http://www.linnsoft.com,Business
403,http://www.mba-school.de/,Reference
404,http://www.cyberfish.nl/,Business
405,http://starchefs.com/drodriguez_recipes.html,Home
406,http://www.kci.org/meth_info/links.htm,Health
407,http://www.prodat.com.au,Computers
408,http://www.gamespot.com/pc/strategy/ultracorps/,Games
409,http://www.angelfire.com/80s/eatbfanlisting/,Arts
410,http://www.prestige.com.tw,Business
411,http://waterbirthinfo.com,Health
412,http://www.design4u.nl,Business
413,http://www.starnewsgroup.com.au/mail/upper-yarra,News
414,http://www.thoroughbredmodels.com/,Games
415,http://www.rfbpe.com,Business
416,http://www.kimberlyhome.org,Health
417,http://www.wellhopped.co.uk/,Business
418,http://www.gamefaqs.com/console/gamecube/data/589730.html,Games
419,http://www.presenternet.com,Computers
420,http://www.nifty.org/,Adult
421,http://www.caac.net/,Reference
422,http://www.rspb.org.uk/wildlife/birdguide/name/b/bartailedgodwit/,Kids
423,http://www.amcoz.com.au/composers/default.asp,Arts
424,http://www.theatrehistory.com/french/tartuffe001.html,Arts
425,http://www.gamespot.com/ps2/puzzle/buzzthemegaquiz/review.html?om_act=convert&amp;om_clk=gssummary&amp;tag=summary;review,Kids
426,http://www.imt.net/~logworker,Business
427,http://www.vcpa.com.au/index.php?option=com_content&amp;task=view&amp;id=69,News
428,http://www.bandsinthepark.org.uk/,Arts
429,http://www.angelfire.com/ma/bradocreamedcorn/,Arts
430,http://www.abc2news.com/,Arts
431,http://www.jahues.com/,Business
432,http://film.guardian.co.uk/interview/interviewpages/0673764635400.html,Arts
433,http://www.purpledollars.com/,Adult
434,http://www.gamespot.com/psp/puzzle/puzzlequestchallenge/,Games
435,http://www.railinc.com,Business
436,http://ajas.ca/,News
437,http://www.seaworld.org/animal-info/info-books/manatee/,Science
438,http://www.clubleporn.com/sites/wet_bondage/,Adult
439,http://www.sil.si.edu/imagegalaxy/imagegalaxy_collresult.cfm?term=beetles,Science
440,http://www.fremont.k12.ca.us/216120102133957750/,Reference
441,http://www.geocities.com/aaronbcaldwell/detail.html,Arts
442,http://www.myskin.4t.com,Health
443,http://www.mountainhigh.bc.ca,Recreation
444,http://www.toxicaudio.com/,Arts
445,http://www.leclosferrand-centrenaturiste.fr/,Recreation
446,http://www.odysseysoftware.com/,Computers
447,http://www.fightingfish.info/forum/,Recreation
448,http://www.ipv6.org/,Computers
449,http://pluto.njcc.com/~ret/roosevelt/haypinl.jpg,Science
450,http://www.marcrosenblatt.com,Business
451,http://www.compsoc.org.uk,Computers
452,http://www.hi-europe.info/,Health
453,http://www.sexe-annuaire.be/,Adult
454,http://www.greenleafpottery.net/,Arts
455,http://www.visualjourney.com/,Business
456,http://www.heatherwolfe.com,Health
457,http://www.gippsnews.com.au/,News
458,http://www.cocochenille.com/,Business
459,http://www.ii.com/internet/robots/procmail/qs/,Computers
460,http://www.pref.toyama.jp/sections/1001/kids/,Kids
461,http://www.chappellassoc.com/articles/article_trouble_corba.html,Computers
462,http://www.metacritic.com/music/artists/xzibit/restless,Arts
463,http://www.concord.edu/,Reference
464,http://www.vcpa.com.au/index.php?option=com_content&amp;task=view&amp;id=121,News
465,http://members.fortunecity.com/alienzer0/basis/dbzinfo/db.html,Arts
466,http://www.keepingyourbalance.net/,Business
467,http://www.cs.tut.fi/~jkorpela/chars/,Computers
468,http://www.pacificdirect.co.uk,Business
469,http://samerivertwice.com/,Arts
470,http://www.newdirectmail.com,Business
471,http://launch.yahoo.com/artist/default.asp?artistid=1029761,Arts
472,http://www.franknewberry.com/,Business
473,http://www.mo42.com/,Business
474,http://www.westsideloans.com/,Business
475,http://flagspot.net/flags/mr.html,Reference
476,http://www.geocities.com/area51/labyrinth/7214/dungeons_and_dragons/dnd.htm,Games
477,http://pc.gamespy.com/pc/codename-panzers-cold-war/,Games
478,http://tools.ietf.org/html/rfc2905,Computers
479,http://www.freewebs.com/hpstars/index.htm,Kids
480,http://www.movieweb.com/movies/film/96/3996/summary.php,Arts
481,http://homevideo.about.com/library/weekly/aafpr112901.htm,Arts
482,http://www.w3.org/rdf/validator/,Reference
483,http://www.starnewsgroup.com.au/mail/ferntree-gully-belgrave,News
484,http://kamillastelmach.w.interia.pl/,Kids
485,http://telepetree.com,Business
486,http://www.apocalypseshelter.com,Arts
487,http://www.xs4all.nl/~jjjasper/,Arts
488,http://www.centralcarolinapoodleclub.org,Recreation
489,http://www.press.uchicago.edu/misc/chicago/779939pass.html,Kids
490,http://www.clementfocuser.com/,Science
491,http://www.freewebs.com/unclescary101/,Games
492,http://www.cscapitale.qc.ca/st-bernard/decouvre/cycle/,Kids
493,http://staracademy.actustar.com,Kids
494,http://www.fastfriends.org/,Recreation
495,http://sneakpeektvcom.blogspot.com/,Arts
496,http://www.marineelectronicservice.com,Business
497,http://www.vcpa.com.au/index.php?option=com_content&amp;task=view&amp;id=71,News
498,http://www.osha.gov/sltc/cottondust/index.html,Business
499,http://www.akriconsulting.com/,Computers
500,http://www.zimmermuseum.org/,Reference
501,http://www.econ.uconn.edu/,Reference
502,http://www.geocities.com/jagwar_1/,Recreation
503,http://www.mc.vanderbilt.edu/ortho,Health
504,http://www.dot.gov.nt.ca/,Recreation
505,http://members.tripod.com/theradioyear/,Arts
506,http://members.tripod.com/~droolers/index.html,Arts
507,http://lens-reviews.com,Home
508,http://www.inductiondynamics.com/,Business
509,http://www.881theburg.com/,Arts
510,http://www.winportal.com/,Computers
511,http://www.eurofeeds.com/,Computers
512,http://www.gsufcu.org/,Business
513,http://crpassociates.com,Business
514,http://home.teleport.com/~stevena/scrabble/faq.html,Games
515,http://www.lesud-marrakech.com,Recreation
516,http://finearts.mwsu.edu/music/band/index.asp,Arts
517,http://www.newalbion.com/na_artists/braxton_a/braxton_a.htm,Arts
518,http://tools.ietf.org/html/rfc514,Computers
519,http://www.freewebs.com/tiels/,Recreation
520,http://www.wildblood.20m.com/protozoans/,Arts
521,http://www.somedaysdreamers.com/,Arts
522,http://homepages.paradise.net.nz/koryn/,Games
523,http://rpo.library.utoronto.ca/poet/78.html,Arts
524,http://www.humanjukebox.com,Arts
525,http://www.stubobcats.com/,Reference
526,http://afiinc.org,Business
527,http://torresonline.iespana.es/simsvikito/,Kids
528,http://www.igvc.org/,Computers
529,http://www.stjameswinery.com/,Recreation
530,http://pa.clariant.com/,Business
531,http://www.ebony-girls-sex.com/black/jt/,Adult
532,http://www.palmgames.com/,Computers
533,http://www.library.yale.edu/testimonies/,Reference
534,http://phpmailer.sourceforge.net/,Computers
535,http://www.turtleandharecreative.com,Business
536,http://www.campregis-applejack.com/,Recreation
537,http://www.finnenterprises.com/china/,Home
538,http://nl.wikipedia.org/wiki/indianen,Kids
539,http://orbitcpp.sourceforge.net/,Computers
540,http://www.classicrockconcertphotos.com/styx.htm,Arts
541,http://tools.ietf.org/html/rfc1099,Computers
542,http://www.tts.uwosh.edu/creditu/,Business
543,http://www.theexpogroup.com/,Business
544,http://mmerlinn.tripod.com/f/tsc.htm,Business
545,http://www.greekthomson.com,Arts
546,http://uconnsportsmed.uchc.edu,Health
547,http://www.mapjoin.com/,Computers
548,http://www.can-do.ttnet.net/,Business
549,http://www.keyx.freeserve.co.uk/wardiecc.htm,Games
550,http://www.csteel.com/index.htm,Business
551,http://www.worldwildlife.org/polarbears/,Kids
552,http://www.willerbyuk.com/,Business
553,http://www.bigticketblog.com,Business
554,http://www.checkstomorrow.com/,Business
555,http://www.adontec.com/supert_e.htm,Computers
556,http://www.indevus.com/,Business
557,http://blondecity.allowednet.com/,Adult
558,http://www.theregister.co.uk/2001/05/31/manhunt_starts_for_sex_com/,Computers
559,http://www.iberco.com,Business
560,http://www.vcpa.com.au/index.php?option=com_content&amp;task=view&amp;id=78,News
561,http://sunearth.gsfc.nasa.gov/,Science
562,http://www.arcpoetry.ca/,Arts
563,http://www.camping-les-biches.com/,Recreation
564,http://www.geocities.com/trinitys_illusion/,Arts
565,http://www.anntoddonline.com/,Adult
566,http://www.vanduzer.com/,Recreation
567,http://www.ccac.edu/,Reference
568,http://u.webring.com/hub?ring=tenthkingdom,Arts
569,http://www.mrdowling.com/610-livingstone.html,Kids
570,http://www.ragdoll1.com,Recreation
571,http://groovywebdesign.com/,Computers
572,http://www.mun.ca/hpc/hpf_pse/manual/,Computers
573,http://www.saras-free-adult-sex-toy-pics.com/,Adult
574,http://www.elsevier.com/wps/find/journaldescription.cws_home/506040/description,Health
575,http://www.digitalodysseyit.com/,Computers
576,http://ez2access.com,Computers
577,http://www.44dd-big-boobs.com/big-boobs/l/lovette/,Adult
578,http://incidentalswing.homestead.com/,Arts
579,http://www.nlm.nih.gov/archive/20061212/mesh/jablonski/cgi/jablonski/syndrome_cgif0d1.html,Health
580,http://creativepeople.8m.com/,Computers
581,http://www.datatrak.jp/,Business
582,http://www.vcpa.com.au/index.php?option=com_content&amp;task=view&amp;id=53,News
583,http://cgi.cnn.com/allpolitics/1996/analysis/back.time/9605/20/,Reference
584,http://www.gcmachines.com/,Business
585,http://www.myspace.com/zoeellisgroup,Arts
586,http://www.chaptersoflife.com/,Business
587,http://www.usask.ca/consumer_services/,Reference
588,http://www.cortsoft.com/mmprod/mpmain.htm,Computers
589,http://www.bellaonline.com/site.asp?name=sons,Home
590,http://www.accessdbdev.com,Computers
591,http://www.allreaders.com/topics/topic_353.asp,Arts
592,http://www.speakernow.com/,Business
593,http://www.carolecartercounseling.com/,Health
594,http://imdb.com/title/tt0181151/,Arts
595,http://tools.ietf.org/html/rfc2858,Computers
596,http://us.imdb.com/title/tt0019451/combined,Arts
597,http://www.lucepicta.be/luc/index.html,Arts
598,http://www.divefree.net/,Recreation
599,http://reenajabamoni.com,Health
600,http://www.comicwidows.com/,Arts
601,http://www.money-rates.com/,Business
602,http://www.bgsu.edu/colleges/library/,Reference
603,http://popkornjunkie.com/reviews/monstersball.html,Arts
604,http://www.visionsites.net/,Computers
605,http://pagesperso-orange.fr/gaelle.schilles/,Kids
606,http://www.angelfire.com/ca6/sfbart/home.html,Recreation
607,http://us.imdb.com/title/tt0104361/,Arts
608,http://www.houseoftherisenson.ca/index.php?option=com_content&amp;task=view&amp;id=20&amp;itemid=35,Health
609,http://uk.geocities.com/spottus2002/,Games
610,http://www.cefofyork.org/gamepage.htm,Kids
611,http://www.triple-rrr-oilcleaner.com,Business
612,http://community.livejournal.com/rundown_town/,Recreation
613,http://www.website-promotion-expert.com,Computers
614,http://www.geocities.com/belindasorange_braclet/belinda_chapple.htm,Arts
615,http://www.altekimaging.com,Business
616,http://www.geocities.com/eurprin/index.html,Recreation
617,http://www.sospeso.com/contents/composers_artists/stucky.html,Arts
618,http://www.rsok.com/,Business
619,http://www.vcpa.com.au/index.php?option=com_content&amp;task=view&amp;id=66,News
620,http://64.159.88.142/castpages/simone/index.html,Arts
621,http://www.kulakaicaverns.com/htm/expeditions.htm,Recreation
622,http://guideme.itgo.com/atozofc/,Computers
623,http://www.rinkworks.com/apogee/,Games
624,http://www.vcpa.com.au/index.php?option=com_content&amp;task=view&amp;id=57,News
625,http://www.telsoft-inc.com/,Computers
626,http://www.selcofinancial.com/,Business
627,http://plantman21.tripod.com/index.html,Home
628,http://www.starnewsgroup.com.au/gazette/berwick,News
629,http://www.sunflower.com.my/,Business
630,http://www.lornavallings.com/,Arts
631,http://www.geocities.com/girlsagainstgb/,Arts
632,http://www.psarc.org/,Health
633,http://skyways.lib.ks.us/kla/divisions/lirt/measure.html,Reference
634,http://camel2.conncoll.edu/academics/web_profiles/regra.html,Reference
635,http://xbox.ign.com/objects/708/708572.html,Games
636,http://www.geocities.com/hannah_spearrit_uk/,Arts
637,http://www.geocities.com/weiss_timbitz/,Arts
638,http://www.daucykid.com/,Kids
639,http://www.pbs.org/wnet/americanmasters/database/ellison_r.html,Arts
640,http://www.cocuyos.com/,Arts
641,http://www.mybikeforums.com/,Recreation
642,http://bobbiejansen.com,Arts
643,http://www.booksbybill.com,Business
644,http://www.johnsandell.co.uk/,Arts
645,http://www.djcue.com/,Arts
646,http://www.debiderryberry.com/,Arts
647,https://www.cia.gov/about-cia/cia-museum/spy-fi-archives/index.html,Arts
648,http://www.geocities.com/cbking43/index.html,Arts
649,http://www.glennfranke.com/,Arts
650,http://ds.ign.com/objects/851/851523.html,Games
651,http://www.opengroup.org/dce/,Computers
652,http://tigerfaerie.tripod.com/,Arts
653,http://www.geocities.com/sunsetstrip/alley/3880/himed.html,Arts
654,http://www.othercinema.com/~pnelson/pixel.html,Arts
655,http://www.tracksat.com,Arts
656,http://www.stuffit.com/,Computers
657,http://neubayern.net/floyd/,Arts
658,http://www.adultwebpics.com/sites/tgi_fuckdays/,Adult
659,http://pages.infinit.net/pyros/plates.htm,Recreation
660,http://www.all-reviews.com/videos-3/sirens.htm,Arts
661,http://www.tchcc.gov.tw/children/,Kids
662,http://www.guildportal.com/guild.aspx?guildid=37011&amp;tabid=328685,Games
663,http://www.rocodance.com,Arts
664,http://www.delawareorchidsociety.org/,Home
665,http://www.francillecorp.com/,Business
666,http://www.seventhfleetband.navy.mil/,Arts
667,http://www.dtu.edu.vn,Reference
668,http://cepi.scu.edu/,Business
669,http://www.utsc.utoronto.ca/~burton/foodcourse/meat-eating.htm,Science
670,http://www.healthline.com/,Health
671,http://www.barnumcelillo.com/,Business
672,http://www.geocities.com/siliconvalley/sector/4582/degrader.html,Recreation
673,http://www.zoomschool.com/subjects/whales/species/spermwhale.shtml,Science
674,http://www.mva.org.au/,Business
675,http://www.wormspit.com/bhg_silk.pdf,Business
676,http://www.uga.edu/~hillel/,Reference
677,http://hcsstat.com/,Business
678,http://www.smproduce.com,Business
679,http://us.imdb.com/name/nm0911861/,Arts
680,http://www.gaming-age.com/cgi-bin/reviews/review.pl?sys=ps2&amp;game=skygunner,Games
681,http://www.jumbosun.com.tw/,Business
682,http://singleparentsnetwork.com/personals/,Home
683,http://groups.yahoo.com/group/montrealtantra,Adult
684,http://murlallensanders.com/,Arts
685,http://www.fantasylandproducts.com,Adult
686,http://groups.yahoo.com/group/12stepagans/,Health
687,http://www.mystone.com.hk,Business
688,http://www.renees.com/,Business
689,http://www.ieba.org/,Business
690,http://www.vcpa.com.au/index.php?option=com_content&amp;task=view&amp;id=50,News
691,http://www.howtocleananything.com,Home
692,http://www.free-adult-image-gallery.com/super-dildo-penetration/,Adult
693,http://www.dpts.org/,Recreation
694,http://www.gutenberg.org/etext/3526,Arts
695,http://www.greatek-tech.com.tw,Business
696,http://www.trellisys.net/,Computers
697,http://www.tv-now.com/stars/kstorms.html,Arts
698,http://www.aircraftspruce.com,Business
699,http://www.eps-leicester.com/,Business
700,http://maxvox.com/,Business
701,http://brachialplexus.wustl.edu/,Health
702,http://www.rottentomatoes.com/m/pirates_of_the_caribbean_3/,Kids
703,http://www.industrialwiper.co.uk/,Business
704,http://www.bromeliadsdownunder.com/,Home
705,http://www.barrettwebb.com/,Business
706,http://www.alanskitchen.com/bread/green_chile_cornbread.htm,Home
707,http://www.woodrowwilsonhouse.org/,Reference
708,http://www.helmutlang.com/,Arts
709,http://www.wqxr.com/cgi-bin/iowa/cla/learning/grove.html?record=211,Arts
710,http://www.smithbarney.com/,Business
711,http://www.jeffrunquistwines.com/,Recreation
712,http://www.thyroidtoday.com/patientresources/english/thyroid%20hormone_e09.pdf,Health
713,http://www.greenmonkeydesign.com/,Business
714,http://www.geocities.com/matthews1963/torcwrench.html,Business
715,http://www.heroesofgaming.com/games/xbox/d/deadoralive3/deadoralive3_rev.htm,Games
716,http://augustus.scs.uiuc.edu/~mud/,Games
717,http://www.northernwineacademy.co.uk/,Recreation
718,http://egrafton.com/,Science
719,http://www.mitchenall.com/,Computers
720,http://www.enchantedlearning.com/subjects/butterfly/glossary/,Reference
721,http://recipestoday.com/recipes/archive/babyfood.htm,Home
722,http://www.escort-butterfly.be/,Adult
723,http://www.geocities.com/ccg_nz/,Recreation
724,http://www.forrestermedia.com,Business
725,http://www.pusan.co.kr/,Business
726,http://www.fileplanet.com/94161/0/section/mario-party-series,Kids
727,http://www.soniarykiel.com/,Business
728,http://www.cherryboys.com/boytrashstr8/,Adult
729,http://stcdrumline.tripod.com,Arts
730,http://www.salemhome.net,Health
731,http://www.freerecipe.org/main_dish/seafood/codfish/index.html,Home
732,http://www.logoit.co.nz/,Business
733,http://www.imageboutique.co.uk,Computers
734,http://www.smithboats.com/,Business
735,http://geocities.com/wesbentleyonline/index.html,Arts
736,http://www.place.cz/,Kids
737,http://www.omahatruck.com/,Business
738,http://www.hi-beam.net/mkr/aa/aa-bio.html,Arts
739,http://www.holtherborders.com/,Recreation
740,http://www.freewebs.com/merrittsnowmobileclub/,Recreation
741,http://www.brianminyard.com/,Arts
742,http://www.lgfgroup.com/,Business
743,http://members.lycos.co.uk/cke/sapreader/,Computers
744,http://oak.conncoll.edu/~ccleft/,Reference
745,http://www.brianhead.com/,Recreation
746,http://www.freewebs.com/whitecrowair/,Games
747,http://www.actioninnocence.org/img/incollable2006.pdf,Kids
748,http://www.veard.com/pilot,Recreation
749,http://www.truck-insurance-mart.com,Business
750,http://www.dipbot.unict.it/orto/0181-1.html,Science
751,http://www.usbf.org/,Games
752,http://www.tv.com/gideons-crossing/show/30/summary.html,Arts
753,http://members.tripod.com/~michaelm_4/index.html,Arts
754,http://www.vcpa.com.au/index.php?option=com_content&amp;task=view&amp;id=67,News
755,http://www.heinousrynz.com/,Arts
756,http://www.ashleyfetnerportraits.com,Business
757,http://www.oshkoshfloors.com,Business
758,http://shell.kwansei.ac.jp/~shell/,Kids
759,http://www.gamezone.com/gzreviews/r19213.htm,Games
760,http://www.angelfire.com/film/michaelrapaport/,Arts
761,http://www.faqs.org/faqs/games/video-games/atari/lynx/,Games
762,http://ipdaonline.org,Recreation
763,http://www.rogerwatersontour.com/,Arts
764,http://www.stjohndaysail.com,Recreation
765,http://www.cynmor.com,Business
766,http://www.vcpa.com.au/index.php?option=com_content&amp;task=view&amp;id=120,News
767,http://www.popfloor.com/tvps/,Arts
768,http://www.ashtonrhoades.com,Business
769,http://www.greatwhiteadventures.com,Recreation
770,http://www.spci.com/,Computers
771,http://www.expensepoint.com/,Computers
772,http://www.spec.com.au/?sp=papers&amp;id=1,News
773,http://www.alllogic.com.tw/,Business
774,http://www.rkm.com.au/virus/influenza/,Health
775,http://www.tonythorne.co.uk/,Arts
776,http://www.mattsorum.tv/channel/,Arts
777,http://www.theispot.com/,Arts
778,http://www.dyscovery.co.uk/,Reference
779,http://www.usna.com/chapters/us/ma/boston/default.htm,Reference
780,http://www.sarkisantikajian.com/,Arts
781,http://www.reallysmall.co.uk/pages/normal/software/games/jumpnbump/jumpnbump.html,Computers
782,http://www.houloubi.com/,Business
783,http://www.series123.com,Recreation
784,http://www.coolpdf.com/tweakpdf.html,Computers
785,http://www.concordefs.com/,Business
786,http://www.lss-cpas.com,Business
787,http://www.all-reviews.com/videos-5/english-patient.htm,Arts
788,http://www.dlc.fi/~sa-fa/enmenu.htm,Recreation
789,http://www.interpretersandtranslators.com,Business
790,http://www.midnightinsanity.com/cirquedurockeil/,Arts
791,http://www.jctv.com,Business
792,http://www.westerncollege.edu/,Reference
793,http://groups.yahoo.com/group/goatads/,Business
794,http://www.deal.org/content/index.php?option=com_content&amp;task=view&amp;id=347&amp;itemid=469,Kids
795,http://www.soundbalance.net/,Health
796,http://www.davin-inc.com/,Business
797,http://www.valdosta.edu/sigmanu/,Reference
798,http://www.vcsolutions.be/,Business
799,http://www.cheaterskrypt.com/,Games
800,http://www.tinroofstudio.com,Arts
801,http://sourceforge.net/projects/netpbm/,Computers
802,http://www.rain-tree.com/jurubeba.htm,Science
803,http://www.bergenrc.com/,Business
804,http://www.dogkart.com/,Business
805,http://nenews.com.au/stories/mcheadindn.htm,News
806,http://slis.cua.edu/,Reference
807,http://www.marketskillbuilder.com/msbhome.htm,Computers
808,http://www.salsmarine.com/,Business
809,http://www.continentalkennelclub.com/ads.aspx?breednum=621,Recreation
810,http://www.popentertainment.com/loveactually.htm,Arts
811,http://www.aestheticcenter.yourmd.com,Health
812,http://www.botabd.netfirms.com/,Health
813,http://www.agfa.com/,Computers
814,http://www.vcpa.com.au/index.php?option=com_content&amp;task=view&amp;id=49,News
815,http://www.geocities.com/bhenwood_2000/recipes/main.html,Home
816,http://www.visionpowersystems.com,Business
817,http://www.linkingmatters.com/,Computers
818,http://www.urbancom.us/,Business
819,http://www.pagat.com/rummy/,Games
820,http://www.taxidermytoday.com/,Recreation
821,http://www.k7computing.com/k7_ts.asp,Computers
822,http://www.vulcan.ro/,Business
823,http://www.expics.com/,Adult
824,http://www.geocities.com/loucreations/,Recreation
825,http://ludovic.thebault.free.fr/bota/,Kids
826,http://www.floraltradecenter.com/,Business
827,http://www.brendatharp.com,Business
828,http://www.uniquewine.com,Business
829,http://www.travelworm.com,Recreation
830,http://www.regiaart.com/,Arts
831,http://www.aquilafunds.com/,Business
832,http://www.elvismagic.com,Arts
833,http://www.greatcare.co.uk,Home
834,http://www.3m.com/espe,Business
835,http://www.eroticphonesessions.com/,Adult
836,http://www.masterfacilitatorjournal.com,Business
837,http://www.geocities.com/siliconvalley/port/7619/,Games
838,http://www.ironhorsebbq.com/,Business
839,http://www.fleetdata.co.uk/,Recreation
840,http://www.snowmelter.com/,Business
841,http://www.carminestreet.com/smoke_signals.html,Arts
842,http://www.mysterymachine.com/veilca/index.html,Adult
843,http://www.molecularproducts.com/,Business
844,http://www.monaco.on.ca/,Recreation
845,http://nature.ptes.tp.edu.tw/stone/,Kids
846,http://www.playabs.com,Games
847,http://www.englishtheatrecompany.com/,Arts
848,http://www.northernlightsclinic.com/,Health
849,http://members.tripod.com/~gora_dean/beavis.htm,Arts
850,http://www.bruchis.com/,Business
851,http://lebanon-laclede.lib.mo.us/friendshome.htm,Reference
852,http://www.fossarino.com,Arts
853,http://www.vcpa.com.au/index.php?option=com_content&amp;task=view&amp;id=63,News
854,http://www.education.ccsu.edu/programs/doctorate_of_education/,Reference
855,http://www.scanam.com,Business
856,http://members.tripod.com/~sailorsirius/,Arts
857,http://rogerebert.suntimes.com/apps/pbcs.dll/article?aid=/20030207/reviews/302070302/1023,Arts
858,http://members.tripod.com/frank_mclean/resume/index.html,Business
859,http://www.ashengineering.com/,Business
860,http://www.jerseygamers.com/reviews/aor.html,Games
861,http://scfp.tripod.com/,Health
862,http://www.morningsmilelabradoodles.com/,Recreation
863,http://www.peapoddesign.net/,Business
864,http://www-rohan.sdsu.edu/dept/frenital/french.html,Reference
865,http://www.olianmaternity.com,Business
866,http://pondpaddock.co.nz/,Recreation
867,http://nenews.com.au/stories/chheadindn.htm,News
868,http://dept.kent.edu/museum/costume/,Kids
869,http://www.vincentdetourdonnet.com/,Arts
870,http://www.bioscape.com/,Business
871,http://nufs.wordpress.com/,Arts
872,http://www.catsonmars.com/faye/,Arts
873,http://www.shar-pei.com/,Recreation
874,http://www.vnf-fabrication.com,Business
875,http://home.austarnet.com.au/mhorn/pneb.html,Science
876,http://www.ajacom.com/,Computers
877,http://www.ac.edu/sports/,Reference
878,http://www.airportsamerica.com/,Business
879,http://www.centaur.org/mccay/,Arts
880,http://www.rollingstone.com/artists/seahags,Arts
881,http://www.ozemail.com.au/~feanorbirmans,Recreation
882,http://www.thenetnet.com/readme/babel.html,Arts
883,http://www.vcpa.com.au/index.php?option=com_content&amp;task=view&amp;id=76,News
884,http://groups.yahoo.com/group/bcaus/,Arts
885,http://www.canadahopkinsstudio.com,Arts
886,http://www.geocities.com/bioinformaticsweb/,Science
887,http://information-literacy.blogspot.com/,Reference
888,http://www.voithandmactavish.com,Business
889,http://www.cwi.nl/~jack/uds/nl/index.shtml,Arts
890,http://www.pureconfection.com/clipart/,Computers
891,http://www.fingertipsoft.com/csconv/index.html,Computers
892,http://www.schattendesign.com,Business
893,http://www.vanport-intl.com/,Business
894,http://www.stormpages.com/monay/,Games
895,http://www.geocities.com/akatsavou/casting_en.html,Business
896,http://www.yellowdog-design.com/,Business
897,http://www.allreaders.com/topics/topic_645.asp,Arts
898,http://www.wildaboutbritain.co.uk/apricot-club,Science
899,http://www.veterinarypartner.com/content.plx?p=a&amp;c=206&amp;a=526&amp;s=2,Recreation
900,http://www.samaritanpharma.com/html/,Business
901,http://freewebs.com/themarmoset,Kids
902,http://www.auditioningforcommercials.com,Arts
903,http://www.foodfortots.com/recipes/1r.html,Home
904,http://www.geocities.com/wlforever/,Arts
905,http://demola.gq.nu/,Computers
906,http://www.girlguidingessexne.org.uk,Recreation
907,http://us.imdb.com/name/nm0000098/,Arts
908,http://miketen.tripod.com/,Recreation
909,http://www.davidshoes.com/,Business
910,http://www.tinwhistler.com,Arts
911,http://www.pacin.org,Reference
912,http://www.zertificon.de/z1_secure_mail_gateway.php,Computers
913,http://www.geocities.com/madisonavenue/boardroom/4278/,Arts
914,http://www.imsltd.com/,Computers
915,http://www.angelfire.com/biz2/accordion/index.html,Arts
916,http://www.loomissayles.com/,Business
917,http://t73.org,Recreation
918,http://www.brainstuff.co.uk/,Recreation
919,http://www.geocities.com/crabdotcom/index.htm,Arts
920,http://www.paulbloch.com/,Arts
921,http://www.angelfire.com/anime2/sailormoonexposed/,Arts
922,http://www.design-folio.com/bsmith/,Business
923,http://www.unl.edu/finearts/,Arts
924,http://www.suncatchers.net/,Recreation
925,http://www.botany.hawaii.edu/faculty/carr/images/str_reg.jpg,Science
926,http://en.wikipedia.org/wiki/lisp_programming_language,Computers
927,http://www.gamespot.com/wii/action/supermonkeyballbananablitz/,Games
928,http://www.suffolkmarine.com/,Business
929,http://www.mghihp.edu/academics/nursing.html,Health
931,http://us.gsk.com/products/assets/us_mepron.pdf,Health
932,http://activex.moonvalley.com/download_activex_controls.htm,Computers
933,http://www.vcpa.com.au/index.php?option=com_content&amp;task=view&amp;id=68,News
934,http://www.tess-llc.com/tess-dor-examples.htm,Computers
935,http://pagesperso-orange.fr/monot.jc/,Kids
936,http://belgianblueinternational.com/member/belgimex/index.htm,Business
937,http://www.angelfire.com/music2/queenmakedah/,Arts
938,http://www.antex.com/,Business
939,http://www.jeffcarson.net/,Arts
940,http://coco.ccu.uniovi.es/malva/sketchbook/,Computers
941,http://www.waywardxs.com,Games
942,http://www.imizis.com/free_wallpapers/,Computers
943,http://www.freewebs.com/ckms/,Recreation
944,http://www-groups.dcs.st-andrews.ac.uk/~history/mathematicians/pascal.html,Kids
945,http://parrots.avibobek.com,Recreation
946,http://www.downbeat.com/,Arts
947,http://www.knight-sec.com/,Business
948,http://www.strong-funds.com/,Business
